1	1	EstadoCuenta	Pendiente	1
2	2	EstadoCuenta	Activa	2
3	3	EstadoCuenta	Inactiva	3
10	1	TipoTributo	Inmueble	1
11	2	TipoTributo	Comercio	2
12	5	TipoTributo	Vehículo	3
13	3	TipoTributo	Cementerios	4
14	4	TipoTributo	Fondeaderos	5
15	7	TipoTributo	Cuentas Especiales	6
20	1	EstadoCarga	Incompleta	1
21	2	EstadoCarga	Completa	2
40	F	TipoLado	Frente	1
41	L	TipoLado	Lado	2
42	N	TipoLado	Fondo	3
43	O	TipoLado	Ochava	4
50	100	TipoVinculoInmueble	RESPONSABLE DE CUENTA	1
51	1	TipoVinculoInmueble	TITULAR	2
52	71	TipoVinculoInmueble	TITULAR EN TRIPARTITO	71
60	100	TipoVinculoComercio	RESPONSABLE DE CUENTA	1
61	1	TipoVinculoComercio	TITULAR	2
70	100	TipoVinculoVehiculo	RESPONSABLE DE CUENTA	1
71	1	TipoVinculoVehiculo	TITULAR	2
80	100	TipoVinculoCementerio	RESPONSABLE DE CUENTA	1
81	1	TipoVinculoCementerio	TITULAR	2
90	100	TipoVinculoFondeadero	RESPONSABLE DE CUENTA	1
91	1	TipoVinculoFondeadero	TITULAR	2
100	100	TipoVinculoEspecial	RESPONSABLE DE CUENTA	1
101	1	TipoVinculoEspecial	TITULAR	2
110	1	Ordenamiento	Sin definir	1
111	2	Ordenamiento	Nomenclatura	2
112	3	Ordenamiento	Nomenclatura parcial	3
113	4	Ordenamiento	Domicilio	4
114	5	Ordenamiento	Cuenta	5
115	6	Ordenamiento	No ordenar	6
120	1	OrdenamientoGeneral	Cuenta	1
121	2	OrdenamientoGeneral	Nomenclatura	2
122	3	OrdenamientoGeneral	Domicilio	3
123	4	OrdenamientoGeneral	Domicilio (Par/Impar)	4
124	5	OrdenamientoGeneral	Controlador-Domicilio	5
125	6	OrdenamientoGeneral	Controlador-Domicilio (Par/Impar)	6
130	SUCERP	TipoArchivoImportacion	SUCERP	1
131	SUGIT	TipoArchivoImportacion	Actas/Causas (SUGIT)	2
132	ARBA_VEHICULO	TipoArchivoImportacion	ARBA Vehículos	3
133	ARBA_CATASTRO	TipoArchivoImportacion	ARBA Catastro	4
140	1	TipoDatosArba	Datos Formales	1
141	2	TipoDatosArba	Datos de Propietarios	2
142	3	TipoDatosArba	Datos de Deuda	3
143	4	TipoDatosArba	Datos de Denuncia	4
150	1	TipoFondeadero	Fijos individuales	1
151	2	TipoFondeadero	Fijos colectivos	2
152	3	TipoFondeadero	Accidentales	3
153	4	TipoFondeadero	Estacionamiento	4
160	1	TipoMinimoAplicable	General	1
161	2	TipoMinimoAplicable	Especial	2
210	1	CategoriaFuncion	Lógica	1
211	2	CategoriaFuncion	Matemática	2
212	3	CategoriaFuncion	Conversión	3
213	4	CategoriaFuncion	Formato	4
214	5	CategoriaFuncion	Datos	5
230	1	EstadoEmisionDefinicion	Activa	1
231	2	EstadoEmisionDefinicion	Inactiva	2
240	1	TipoEmisionCalculo	Auxiliar	1
241	2	TipoEmisionCalculo	Parcial	2
242	3	TipoEmisionCalculo	Resultado	3
250	1	EstadoEmisionEjecucion	Pendiente	1
251	2	EstadoEmisionEjecucion	Proceso	2
252	3	EstadoEmisionEjecucion	Finalizada	3
253	4	EstadoEmisionEjecucion	Cancelada	4
254	5	EstadoEmisionEjecucion	Pausada	5
260	1	EstadoEmisionEjecucionCuenta	Pendiente	1
261	2	EstadoEmisionEjecucionCuenta	Proceso	2
262	3	EstadoEmisionEjecucionCuenta	Finalizada	3
263	4	EstadoEmisionEjecucionCuenta	Cancelada	4
264	5	EstadoEmisionEjecucionCuenta	Error	5
270	1	EstadoEmisionCalculoResultado	Calculado	1
271	2	EstadoEmisionCalculoResultado	Error	2
280	1	EstadoEmisionConceptoResultado	Calculado	1
281	2	EstadoEmisionConceptoResultado	Error	2
290	1	EstadoEmisionCuentaCorrienteResultado	Calculado	1
291	2	EstadoEmisionCuentaCorrienteResultado	Error	2
300	1	EstadoEmisionImputacionContableResultado	Calculado	1
301	2	EstadoEmisionImputacionContableResultado	Error	2
320	1	TipoValor	Pesos	1
321	2	TipoValor	Dólar	2
330	1	TipoConsumoElectrico	Medidor propio	1
331	2	TipoConsumoElectrico	Medidor compartido	2
340	1	EmisionProceso	TasaVencimiento	1
341	2	EmisionProceso	ImputacionContable	2
342	3	EmisionProceso	Concepto	3
343	4	EmisionProceso	CuentaCorriente	4
344	5	EmisionProceso	PublicacionDeuda	5
350	1	EstadoAprobacion	Pendiente	1
351	2	EstadoAprobacion	Aprobado	2
352	3	EstadoAprobacion	Rechazado	3
360	1	EstadoProceso	Pendiente	1
361	2	EstadoProceso	Progreso	2
362	3	EstadoProceso	Finalizado	3
363	4	EstadoProceso	Error	4
364	5	EstadoProceso	Cancelado	5
370	1	TipoProgramacion	Diaria	1
371	2	TipoProgramacion	Semanal	2
372	3	TipoProgramacion	Mensual	3
380	1	TipoPrestadorCementerio	Arrendatarios	1
381	2	TipoPrestadorCementerio	Prestador de servicios	2
390	1	PeriodicidadDeclaracionJurada	Mensual	1
391	2	PeriodicidadDeclaracionJurada	Bimestral	2
392	3	PeriodicidadDeclaracionJurada	Trimestral	3
393	6	PeriodicidadDeclaracionJurada	Semestral	4
394	12	PeriodicidadDeclaracionJurada	Anual	5
400	1	EstadoCertificadoApremio	Calculado	1
401	2	EstadoCertificadoApremio	Notificacdo	2
402	3	EstadoCertificadoApremio	Recibido	3
403	4	EstadoCertificadoApremio	Cancelado	4
410	1	EstadoPlanPagoDefinicion	Activo	1
411	2	EstadoPlanPagoDefinicion	Inactivo	2
420	1	TipoAlcanceTemporal	Estático	1
421	2	TipoAlcanceTemporal	Dinámico	2
430	1	TipoCalculoInteres	Método Simple	1
431	2	TipoCalculoInteres	Método Francés	2
440	1	EstadoPlanPagoCuota	Pendiente	1
441	2	EstadoPlanPagoCuota	Pagado	2
442	3	EstadoPlanPagoCuota	Cancelado	3
450	1	ViaConsolidacion	Web	1
451	2	ViaConsolidacion	Presencial	2
452	3	ViaConsolidacion	Ambas	3
460	1	EstadoPagoContadoDefinicion	Activo	1
461	2	EstadoPagoContadoDefinicion	Inactivo	2
470	1	EstadoProcedimiento	Activo	1
471	2	EstadoProcedimiento	Inactivo	2
480	1	UnidadMedida	Unidades enteras	1
481	2	UnidadMedida	Unidades decimales	2
482	3	UnidadMedida	Importe	3
483	4	UnidadMedida	Otros	4
490	1	UnidadValor	Porcentaje	1
491	2	UnidadValor	Importe	2
492	3	UnidadValor	UF	3
510	1	TipoDocumento	D.N.I.	326
511	2	TipoDocumento	D.N.I.C.V.	327
512	3	TipoDocumento	L.E.	329
513	4	TipoDocumento	L.C.	330
514	5	TipoDocumento	PASAPORTE	331
515	6	TipoDocumento	C.U.I.T.	332
516	7	TipoDocumento	EXTRANJEROS	333
517	9	TipoDocumento	SIN DOCUMENTO	334
518	20	TipoDocumento	ORGANISMOS OFICIALES	328
570	1	EstadoCivil	Casado/a	2
571	2	EstadoCivil	Soltero/a	3
572	3	EstadoCivil	Separado/a	4
573	4	EstadoCivil	Viudo/a	5
574	5	EstadoCivil	Divorciado/a	6
575	6	EstadoCivil	Concubinato	7
600	2	TipoVinculoInmueble	DESTINATARIO	3
601	3	TipoVinculoInmueble	PRESIDENTE	4
602	10	TipoVinculoInmueble	REPRESENTANTE	5
603	20	TipoVinculoInmueble	RELEVAMIENTO VERIFICADORES	6
604	21	TipoVinculoInmueble	C.U.I.T. / INGRESOS BRUTOS	7
605	25	TipoVinculoInmueble	TITULAR ANTERIOR	8
606	50	TipoVinculoInmueble	PERSONAL - TITULAR	9
607	51	TipoVinculoInmueble	PERSONAL - INQUILINO	10
608	52	TipoVinculoInmueble	PERSONAL - OTROS	11
609	53	TipoVinculoInmueble	VINCULADO AL TRIBUTO	12
610	54	TipoVinculoInmueble	FIRMANTE CONVENIO	13
620	2	TipoVinculoComercio	DESTINATARIO	3
621	3	TipoVinculoComercio	PRESIDENTE	4
622	4	TipoVinculoComercio	GERENTE	5
623	5	TipoVinculoComercio	APODERADO	6
624	6	TipoVinculoComercio	DIRECTOR SUPLENTE	7
625	7	TipoVinculoComercio	SOCIO	8
626	8	TipoVinculoComercio	VICE PRESIDENTE	9
627	9	TipoVinculoComercio	SOCIO GERENTE	10
628	10	TipoVinculoComercio	REPRESENTANTE	11
629	12	TipoVinculoComercio	DIRECTOR	12
630	13	TipoVinculoComercio	DIRECTOR/A TECNICO/A	13
631	15	TipoVinculoComercio	MARTILLERO / CORREDOR	14
632	16	TipoVinculoComercio	PROVEEDOR MUNICIPAL	15
633	17	TipoVinculoComercio	REPRESENTANTE LEGAL	16
634	20	TipoVinculoComercio	RELEVAMIENTO VERIFICADORES	17
635	21	TipoVinculoComercio	C.U.I.T. / INGRESOS BRUTOS	18
636	22	TipoVinculoComercio	SUCESOR	19
637	25	TipoVinculoComercio	TITULAR ANTERIOR	20
638	50	TipoVinculoComercio	PERSONAL - TITULAR	21
639	52	TipoVinculoComercio	PERSONAL - OTROS	22
640	53	TipoVinculoComercio	VINCULADO AL TRIBUTO	23
641	54	TipoVinculoComercio	FIRMANTE CONVENIO	24
642	55	TipoVinculoComercio	RESPONSABLE DDJJ WEB	25
650	2	TipoVinculoVehiculo	DESTINATARIO	3
651	4	TipoVinculoVehiculo	GERENTE	4
652	9	TipoVinculoVehiculo	SOCIO GERENTE	5
653	14	TipoVinculoVehiculo	AGENTE/AGENCIA PUBLICITARIO/A	6
654	18	TipoVinculoVehiculo	TITULAR SUCERP	7
655	21	TipoVinculoVehiculo	C.U.I.T. / INGRESOS BRUTOS	8
656	25	TipoVinculoVehiculo	TITULAR ANTERIOR	9
657	53	TipoVinculoVehiculo	VINCULADO AL TRIBUTO	10
658	54	TipoVinculoVehiculo	FIRMANTE CONVENIO	11
660	2	TipoVinculoCementerio	DESTINATARIO	3
661	5	TipoVinculoCementerio	APODERADO	4
662	10	TipoVinculoCementerio	REPRESENTANTE	5
663	17	TipoVinculoCementerio	REPRESENTANTE LEGAL	6
664	22	TipoVinculoCementerio	SUCESOR	7
665	25	TipoVinculoCementerio	TITULAR ANTERIOR	8
666	53	TipoVinculoCementerio	VINCULADO AL TRIBUTO	9
667	54	TipoVinculoCementerio	FIRMANTE CONVENIO	10
668	60	TipoVinculoCementerio	PERSONA ASOCIADA POR AUTOGEST.	11
670	2	TipoVinculoFondeadero	DESTINATARIO	3
671	5	TipoVinculoFondeadero	APODERADO	4
672	10	TipoVinculoFondeadero	REPRESENTANTE	5
673	17	TipoVinculoFondeadero	REPRESENTANTE LEGAL	6
674	22	TipoVinculoFondeadero	SUCESOR	7
675	25	TipoVinculoFondeadero	TITULAR ANTERIOR	8
676	53	TipoVinculoFondeadero	VINCULADO AL TRIBUTO	9
677	54	TipoVinculoFondeadero	FIRMANTE CONVENIO	10
678	55	TipoVinculoFondeadero	RESPONSABLE DDJJ WEB	11
679	60	TipoVinculoFondeadero	PERSONA ASOCIADA POR AUTOGEST.	12
1001	1	TipoObra	AGUA	1
1002	2	TipoObra	CLOACAS	2
1003	3	TipoObra	GAS	3
1004	4	TipoObra	ASFALTO	4
1005	5	TipoObra	PAVIMENTO	5
1011	1	TipoObraSuperficie	SUBSISTENTE	1
1012	2	TipoObraSuperficie	OBRA NUEVA	2
1013	3	TipoObraSuperficie	MODIFICACIONES	3
1014	4	TipoObraSuperficie	AMPLIACIONES	4
1015	5	TipoObraSuperficie	DEMOLICIONES	5
1016	6	TipoObraSuperficie	CONFORME A OBRA	6
1021	1	DestinoSuperficie	VIVIENDA UNIFAMILIAR	1
1022	2	DestinoSuperficie	VIVIENDA MULTIFAMILIAR	2
1023	3	DestinoSuperficie	LOCAL Y OFICINAS	3
1024	4	DestinoSuperficie	RERECREACIÓN	4
1025	5	DestinoSuperficie	GARAGES Y EST. DE SERVICIOS	5
1026	6	DestinoSuperficie	INDUSTRIAS Y TALLERES	6
1040	1	TipoValuacion	Valuación Fiscal ARBA	1
1090	1	FrecuenciaFacturacion	Mensual	1
1091	2	FrecuenciaFacturacion	Bimestral	2
1092	3	FrecuenciaFacturacion	Trimestral	3
1093	4	FrecuenciaFacturacion	Semestral	4
1094	5	FrecuenciaFacturacion	Anual	5
1100	1	TipoSolicitudDebitoAutomatico	Alta	1
1101	2	TipoSolicitudDebitoAutomatico	Modificación	2
1110	S	MotivoBajaVehiculo	BAJA PEDIDA POR SUCERP	26
1111	M	MotivoBajaVehiculo	MOTOS	25
1112	A	MotivoBajaVehiculo	VEHICULO ACTIVO	19
1113	0	MotivoBajaVehiculo	MUNICIPAL	9
1114	1	MotivoBajaVehiculo	PROVINCIA	10
1115	2	MotivoBajaVehiculo	BOMBERO,POLICIA,INS RELIGIOSAS	11
1116	3	MotivoBajaVehiculo	CUERPO CONSULAR,DIPLOMATICO	12
1117	5	MotivoBajaVehiculo	LISIADOS	14
1118	6	MotivoBajaVehiculo	AMBULANCIAS	15
1119	7	MotivoBajaVehiculo	PARTIDOS POLITICOS	16
1120	8	MotivoBajaVehiculo	NACIONAL	17
1121	B	MotivoBajaVehiculo	BAJA POR CAMBIO RADICACION	20
1122	C	MotivoBajaVehiculo	BAJA POR ROBO	21
1123	D	MotivoBajaVehiculo	BAJA POR DESTRUCCION TOTAL	22
1124	G	MotivoBajaVehiculo	BAJA POR PLAN CANJE	23
1125	L	MotivoBajaVehiculo	CONDONACION DE DEUDA	24
1126	9	MotivoBajaVehiculo	ACTIVO	18
1130	1	OrigenFabricacion	Nacional	1
1131	2	OrigenFabricacion	Importado	2
1140	N	Combustible	NAFTA	1
1141	D	Combustible	DIESEL	2
1142	G	Combustible	GNC-NAFTA	3
1143	F	Combustible	GNC-DIESEL	4
1150	1	FinalidadVehiculo	USO PARTICULAR	1
1151	2	FinalidadVehiculo	USO COMERCIAL	2
1170	1	MotivoFallecimiento	TRAUMATICO	1
1171	2	MotivoFallecimiento	NO TRAUMATICO	2
1172	9999	MotivoFallecimiento	DESCONOCIDO	3
1180	6	TipoOrigenInhumacion	OSARIO	340
1181	7	TipoOrigenInhumacion	OTRO CEMENTERIO	341
1182	8	TipoOrigenInhumacion	CREMATORIO	342
1183	99	TipoOrigenInhumacion	DEPOSITO	343
1190	1	MotivoInspeccion	ACTA CLAUSURA	1
1191	2	MotivoInspeccion	VERIFICACIÓN	2
1192	3	MotivoInspeccion	FALTA PRESENTACIÓN DDJJ	3
1193	4	MotivoInspeccion	CRUCE DE INFORMACIÓN	4
1194	5	MotivoInspeccion	RELEVAMIENTO	5
1195	6	MotivoInspeccion	O. I.	6
1200	6	TipoDestinoInhumacion	OSARIO	321
1201	7	TipoDestinoInhumacion	OTRO CEMENTERIO	322
1202	8	TipoDestinoInhumacion	CREMATORIO	323
1203	99	TipoDestinoInhumacion	DEPOSITO	325
1210	1	ResultadoVerificacion	REDUCIDO	1
1211	2	ResultadoVerificacion	CENIZAS	2
1212	3	ResultadoVerificacion	EN CARNE	3
1270	1	TipoCuota	EMISION	1
1280	1	Numeracion	Emisión Inmuebles	1
1281	2	Numeracion	Emisión Comercios	2
1282	3	Numeracion	Emisión Vehículos	3
1283	4	Numeracion	Emisión Cementerios	4
1284	5	Numeracion	Emisión Fondeaderos	5
1285	6	Numeracion	Emisión Cuentas Especiales	6
1290	S	TipoCertificado	SIMPLE	319
1291	U	TipoCertificado	URGENTE	320
1292	P	TipoCertificado	SUPER URGENTE	318
1300	0	TipoCitacion	NORMAL	1
1301	1	TipoCitacion	FEHACIENTE	2
1302	2	TipoCitacion	EDICTO	3
1310	0	CategoriaVivienda	SIN TIPO VIVIENDA	1
1311	1	CategoriaVivienda	EDIFICADO	2
1312	2	CategoriaVivienda	NEGOCIO	3
1313	4	CategoriaVivienda	INDUSTRIA	4
1314	5	CategoriaVivienda	EDIFICIOS EN ALTURA	5
1315	6	CategoriaVivienda	EXPLOTACIÓN TURÍSTICA	6
1316	7	CategoriaVivienda	AREA COMÚN PRORRATEADA	7
1317	8	CategoriaVivienda	BALDIO	8
1318	10	CategoriaVivienda	EXENTO	9
1320	 	Zonificacion	SIN ZONIFICACION	1
1321	#	Zonificacion	DOBLE ZONIFICACION	2
1322	*	Zonificacion	*	3
1323	**	Zonificacion	DOBLE ZONIFICACION	4
1324	***	Zonificacion	TRIPLE ZONIFICACION	5
1325	A1	Zonificacion	A1	6
1326	A1A	Zonificacion	A1A	7
1327	A2	Zonificacion	A2 (PRIMERA SECCION ISLAS)	8
1328	C1	Zonificacion	C1	9
1329	C2A	Zonificacion	C2A	10
1330	C2B	Zonificacion	C2B	11
1331	C3	Zonificacion	C3	12
1332	C4	Zonificacion	C4	13
1333	C4A	Zonificacion	C4A	14
1334	C4B	Zonificacion	C4B	15
1335	C4C	Zonificacion	C4C	16
1336	C5	Zonificacion	C5	17
1337	C6	Zonificacion	C6	18
1338	CC	Zonificacion	CC	19
1339	CCA	Zonificacion	CCA	20
1340	CCC	Zonificacion	CCC	21
1341	CCE	Zonificacion	CCE	22
1342	E	Zonificacion	E	23
1343	EC	Zonificacion	EC	24
1344	EG	Zonificacion	EG	25
1345	I1	Zonificacion	I1	26
1346	I1E	Zonificacion	I1E	27
1347	I2	Zonificacion	I2	28
1348	I2E	Zonificacion	I2E	29
1349	I2I	Zonificacion	I2I	30
1350	I3	Zonificacion	I3	31
1351	I3B	Zonificacion	I3B	32
1352	I4	Zonificacion	I4	33
1353	IP	Zonificacion	IP	34
1354	IPC	Zonificacion	IPC	35
1355	IPD	Zonificacion	IPD	36
1356	NNU	Zonificacion	NUEVO NUCLEO URBANO	37
1357	P	Zonificacion	P	38
1358	R1A	Zonificacion	R1A	39
1359	R1B	Zonificacion	R1B	40
1360	R1C	Zonificacion	R1C	41
1361	R1U	Zonificacion	R1U	42
1362	R2A	Zonificacion	R2A	43
1363	R2B	Zonificacion	R2B	44
1364	R2C	Zonificacion	R2C	45
1365	R2D	Zonificacion	R2D	46
1366	R2E	Zonificacion	R2E	47
1367	R2F	Zonificacion	R2F	48
1368	R2G	Zonificacion	R2G	49
1369	R3A	Zonificacion	R3A	50
1370	R3B	Zonificacion	R3B	51
1371	R3C	Zonificacion	R3C	52
1372	R3D	Zonificacion	R3D	53
1373	R3E	Zonificacion	R3E	54
1374	R4	Zonificacion	R4	55
1375	R4U	Zonificacion	R4U	56
1376	R5	Zonificacion	R5	57
1377	R5A	Zonificacion	R5A	58
1378	R6	Zonificacion	R6	59
1379	R7	Zonificacion	R7	60
1380	R8	Zonificacion	R8	61
1381	RM1	Zonificacion	RM1	62
1382	RPA	Zonificacion	RPA	63
1383	RPB	Zonificacion	RPB	64
1384	RPC	Zonificacion	RPC	65
1385	RPG	Zonificacion	RPG	66
1386	TC	Zonificacion	TC	67
1387	TCA	Zonificacion	TCA	68
1388	TR	Zonificacion	TR	69
1389	UE	Zonificacion	UE	70
1390	UEA	Zonificacion	UEA	71
1391	UEE	Zonificacion	UEE	72
1392	ZZZ	Zonificacion	ZONIFICACION ERRONEA	73
1401	2	BloqueoEmision	NO EMITE - LOTEOS	2
1402	3	BloqueoEmision	NO EMITE - INCOBRABLES	3
1403	4	BloqueoEmision	LOTEOS INCOBRABLES	4
1404	5	BloqueoEmision	NO INTIMAR	5
1405	6	BloqueoEmision	NO EMITE - BLOQUEADO TASAS INMOBILIARIAS	6
1406	7	BloqueoEmision	BLOQUEO POR DENUNCIA VENTA VEHÍCULO	7
1407	8	BloqueoEmision	BLOQUEO DE TITULAR	8
1408	9	BloqueoEmision	SEPULTURAS INDIGENTES	9
1409	10	BloqueoEmision	SEPULTURAS PARA REASIGNAR	10
1410	11	BloqueoEmision	BEBIDAS ALCOHOLICAS Y CIGARRILLOS	11
1411	12	BloqueoEmision	NO EMITE - PUBLICIDAD Y PROPAGANDA	12
1430	1	NivelSocioEconomico	BAJO	1
1431	2	NivelSocioEconomico	MEDIO-BAJO	2
1432	3	NivelSocioEconomico	MEDIO	3
1433	4	NivelSocioEconomico	MEDIO-ALTO	4
1434	5	NivelSocioEconomico	ALTO	5
1435	88	NivelSocioEconomico	 	6
1436	9999	NivelSocioEconomico	DESCONOCIDO	7
1440	1	NivelComunicacion	CERCANO(300 A 500M)	1
1441	2	NivelComunicacion	INMEDIATO(0 A 300M)	2
1442	3	NivelComunicacion	ALEJADO(500 A 1000MTS)	3
1443	4	NivelComunicacion	AISLADO(+ DE 1000MTS)	4
1444	9999	NivelComunicacion	DESCONOCIDO	5
1450	 	ZonaTarifaria	SIN ZONA TARIFARIA	1
1451	A	ZonaTarifaria	A	2
1452	B	ZonaTarifaria	B	3
1453	C	ZonaTarifaria	C	4
1454	D	ZonaTarifaria	D	5
1455	E	ZonaTarifaria	E	6
1456	F	ZonaTarifaria	HUMILDES	7
1457	G	ZonaTarifaria	G	8
1458	H	ZonaTarifaria	H	9
1459	I	ZonaTarifaria	I	10
1460	N	ZonaTarifaria	N	11
1461	O1	ZonaTarifaria	O1	12
1462	O2	ZonaTarifaria	O2	13
1463	O3	ZonaTarifaria	O3	14
1464	P	ZonaTarifaria	RURAL > 2500 M2	15
1465	Q	ZonaTarifaria	FRACCIONES RURALES	16
1466	R	ZonaTarifaria	CAMAS NAUTICAS	17
1467	S	ZonaTarifaria	S	18
1468	T	ZonaTarifaria	T	19
1469	U	ZonaTarifaria	U	20
1470	X	ZonaTarifaria	X	21
1471	Y	ZonaTarifaria	Y	22
1472	Z	ZonaTarifaria	Z	23
1480	11	TipoCartel	AVISO FRONTAL SIMPLE	202
1481	12	TipoCartel	AVISO FRONTAL LUMINOSO	204
1482	13	TipoCartel	AVISO FRONTAL ILUMINADO	206
1483	14	TipoCartel	AVISO FRONTAL ANIMADO O CON EFECTOS	210
1484	15	TipoCartel	AVISO FRONTAL CON PROYECCION	216
1485	16	TipoCartel	AVISO FRONTAL (51 A 250 UNIDADES)	226
1486	17	TipoCartel	AVISO FRONTAL (MAS DE 250 UNIDADES)	239
1487	21	TipoCartel	AVISO SALIENTE SIMPLE	249
1488	22	TipoCartel	AVISO SALIENTE LUMINOSO	252
1489	23	TipoCartel	AVISO SALIENTE ILUMINADO	255
1490	24	TipoCartel	AVISO SALIENTE ANIMADO O CON EFECTOS	258
1491	25	TipoCartel	AVISO SALIENTE CON PROYECCION	261
1492	31	TipoCartel	AVISO S/MEDIANERA SIMPLE	262
1493	32	TipoCartel	AVISO S/MEDIANERA LUMINOSO	263
1494	33	TipoCartel	AVISO S/MEDIANERA ILUMINADO	264
1495	34	TipoCartel	AVISO S/MEDIANERA ANIMADO O CON EFECTOS	265
1496	35	TipoCartel	AVISO S/MEDIANERA CON PROYECCION	266
1497	41	TipoCartel	AVISO SOBRE AZOTEA SIMPLE	267
1498	42	TipoCartel	AVISO SOBRE AZOTEA LUMINOSO	268
1499	43	TipoCartel	AVISO SOBRE AZOTEA ILUMINADO	269
1500	44	TipoCartel	AVISO SOBRE AZOTEA ANIMADO O CON EFECTOS	270
1501	45	TipoCartel	AVISO SOBRE AZOTEA CON PROYECCION	271
1502	51	TipoCartel	SALIENTE SIMPLE SOBREPASA CORDON	272
1503	52	TipoCartel	SALIENTE LUMINOSO SOBREPASA EL CORDON	273
1504	53	TipoCartel	SALIENTE ILUMINADO SOBREPASA EL CORDON	274
1505	54	TipoCartel	SALIENTE ANIMADO SOBREPASA EL CORDON	275
1506	61	TipoCartel	LETRERO EN LA VIA PUBLICA SIMPLE	276
1507	62	TipoCartel	LETRERO EN LA VIA PUBLICA LUMINOSO	277
1508	63	TipoCartel	LETRERO EN LA VIA PUBLICA ILUMINADO	278
1509	64	TipoCartel	LETRERO EN LA VIA PUBLICA ANIMADO	279
1510	65	TipoCartel	LETRERO EN LA VIA PUBLICA CON PROYECCION	280
1511	71	TipoCartel	CARTELERAS S/VIA PUBLICA SIMPLE	286
1512	72	TipoCartel	CARTELERAS S/VIA PUBLICA LUMINOSA	287
1513	73	TipoCartel	CARTELERAS S/VIA PUBLICA ILUMINADA	288
1514	74	TipoCartel	CARTELERAS S/VIA PUBLICA ANIMADA	289
1515	75	TipoCartel	CARTELERAS S/VIA PUBLICA CON PROYECCION	290
1516	81	TipoCartel	LETRERO EN VEHICULOS (AUTOS, PICK UPS)	291
1517	82	TipoCartel	AVISO EN VEHICULOS (AUTOS, PICK UPS)	292
1518	83	TipoCartel	LETRERO EN VEHICULOS (CAMIONES)	293
1519	84	TipoCartel	AVISO EN VEHICULOS (CAMIONES)	294
1520	91	TipoCartel	CARTELERAS S/PROP. PRIV. SIMPLE(VALLADO)	295
1521	92	TipoCartel	CARTELERAS S/PROP.PRIV LUMINOSA (VALLADO	296
1522	101	TipoCartel	OCASIONAL FRONTAL SIMPLE HASTA 1 M2.	201
1523	111	TipoCartel	OCASIONAL FRONTAL SIMPLE HASTA 1 M2. NO	203
1524	121	TipoCartel	AVISO OCASIONAL FRONTAL SIMPLE H/2 M2.	205
1525	131	TipoCartel	AVISO OCASIONAL FRONTAL SIMPLE MAY/1 M2.	207
1526	132	TipoCartel	OCASIONAL FRONTAL LUMINOSO MAYOR A 1 M2.	208
1527	133	TipoCartel	OCASIONAL FRONTAL ILUMINADO MAYOR A 2 M2	209
1528	141	TipoCartel	AVISO SOBRE MARQUESINA SIMPLE	211
1529	142	TipoCartel	AVISO SOBRE MARQUESINA LUMINOSO	212
1530	143	TipoCartel	AVISO SOBRE MARQUESINA ILUMINADO	213
1531	144	TipoCartel	AVISO SOBRE MARQUESINA ANIMADO	214
1532	145	TipoCartel	AVISO SOBRE MARQUESINA CON PROYECCION	215
1533	151	TipoCartel	LETRERO SIMPLE	217
1534	152	TipoCartel	LETRERO LUMINOSO	218
1535	153	TipoCartel	LETRERO ILUMINADO	219
1536	154	TipoCartel	LETRERO ANIMADO	220
1537	155	TipoCartel	LETRERO CON PROYECCION	221
1538	156	TipoCartel	LETRERO S/MARQUESINA SIMPLE	222
1539	157	TipoCartel	LETRERO S/MARQUESINA LUMINOSO	223
1540	158	TipoCartel	LETRERO S/MARQUESINA CON PROYECCION	224
1541	159	TipoCartel	LETRERO SALIENTE SIMPLE	225
1542	160	TipoCartel	LETRERO SALIENTE LUMINOSO	227
1543	161	TipoCartel	AVISOS EN INTERIORES DE LOCALES	228
1544	162	TipoCartel	LETREROS EN VIA PUBLICA DOBLE FAZ SIMPLE	229
1545	163	TipoCartel	LETRERO SALIENTE ANIMADO	230
1546	164	TipoCartel	LETRERO S/AZOTEA SIMPLE	231
1547	165	TipoCartel	LETRERO S/AZOTEA LUMINOSO	232
1548	166	TipoCartel	LETRERO S/AZOTEA CON PROYECCION	233
1549	167	TipoCartel	LETRERO S/MEDIANERA SIMPLE	236
1550	168	TipoCartel	LETRERO S/MEDIANERA LUMINOSO	237
1551	169	TipoCartel	LETRERO S/MEDIANERA C/PROYECCION	238
1552	170	TipoCartel	LETREROS EN COLUMNA (3 CARAS)	240
1553	171	TipoCartel	AVISO EN BANDERAS Y BANDERINES	241
1554	172	TipoCartel	AVISO EN BANDERAS Y BANDERINES S/VIA PUB	242
1555	173	TipoCartel	LETRERO EN BANDERAS Y BANDERINES	243
1556	181	TipoCartel	AVISO EN CABINAS TELEFONICAS	244
1557	183	TipoCartel	LETREROS EN VIA PUBLICA DOBLE FAZ LUM.	245
1558	191	TipoCartel	CALCOS TARJETAS DE CREDITO	246
1559	201	TipoCartel	AVISO EN MESAS SILLAS SOMBRILLAS	247
1560	202	TipoCartel	LETRERO EN SILLAS, MESAS Y SOMBRILLAS	248
1561	211	TipoCartel	LETRERO COLUMNA PROP. PRIV. SIMPLE	250
1562	212	TipoCartel	LETRERO COLUMNA PROP. PRIV. LUMINOSO	251
1563	221	TipoCartel	LETRERO COLUMNA VIA PUBLICA SIMPLE	253
1564	222	TipoCartel	LETRERO COLUMNA VIA PUBLICA LUMINOSO	254
1565	231	TipoCartel	AVISO COLUMNA PROP. PRIV. SIMPLE	256
1566	232	TipoCartel	AVISO COLUMNA PROP. PRIV. LUMINOSO	257
1567	241	TipoCartel	AVISO COLUMNA VIA PUBLICA SIMPLE	259
1568	242	TipoCartel	AVISO COLUMNA VIA PUBLICA LUMINOSO	260
1569	661	TipoCartel	AVISO EN LA VIA PUBLICA SIMPLE	281
1570	662	TipoCartel	AVISO EN LA VIA PUBLICA LUMINOSO	282
1571	663	TipoCartel	AVISO EN LA VIA PUBLICA ILUMINADO	283
1572	664	TipoCartel	AVISO EN LA VIA PUBLICA ANIMADO	284
1573	665	TipoCartel	AVISO EN VIA PUBLICA CON PROYECCION	285
1574	991	TipoCartel	ANTENAS DE TELECOMUNICACIONES	297
1575	992	TipoCartel	ANTENAS DE RADIO Y/O TELEVISION	298
1576	1662	TipoCartel	AVISO EN VIA PUBLICA DOBLE FAZ SIMPLE	234
1577	1663	TipoCartel	AVISO EN VIA PUBLICA DOBLE FAZ LUMINOSO	235
1578	9999	TipoCartel	CONSORCIOS	299
1580	P	TipoPropiedad	Propio	1
1581	T	TipoPropiedad	De tercero	2
1590	1	TipoProductoPublicitado	General	1
1591	2	TipoProductoPublicitado	Tabaquería	2
1592	3	TipoProductoPublicitado	Alcohol	3
1593	4	TipoProductoPublicitado	Apuestas	4
1600	1	TipoPlantillaDocumento	Plantilla Génerica	1
1610	1	LugarPago	DEBITO AUTOMATICO MASTER	1
1611	2	LugarPago	PAGO FACIL	2
1612	3	LugarPago	DEBITO BCO.PCIA.	3
1613	4	LugarPago	DEBITO AUTOMATICO VISA	4
1614	5	LugarPago	DEBITO AUTOMATICO AMERICAN EXPRESS	5
1615	6	LugarPago	GIRE	6
1616	7	LugarPago	DEBITO AUTOMATICO PAGO DIRECTO	7
1617	8	LugarPago	DEBITO AUTOMATICO DINERS	8
1618	9	LugarPago	DEBITO AUTOMATICO CABAL	9
1619	10	LugarPago	BANELCO	10
1620	11	LugarPago	BCO.PROVINCIA BS.AS.	11
1621	12	LugarPago	HOSPITAL DE TIGRE	12
1622	13	LugarPago	BCO. PCIA. SUC. PACHECO	13
1623	14	LugarPago	BCO. PCIA. SUC. TORCUATO	14
1624	15	LugarPago	RAPIPAGO	15
1625	16	LugarPago	BAPRO PAGOS	16
1626	17	LugarPago	BCO.PCIA. SAM2000	17
1627	18	LugarPago	LINK	18
1628	19	LugarPago	SERVICIO PAGOS VISA	19
1629	21	LugarPago	BCO. RIO	20
1630	22	LugarPago	BCO. BUEN AYRE	21
1631	31	LugarPago	TESORERIA MUNICIPAL	22
1632	32	LugarPago	DELEG. PACHECO	23
1633	33	LugarPago	DELEG. TORCUATO OESTE	24
1634	34	LugarPago	DELEG. TALAR	25
1635	35	LugarPago	DELEG. BENAVIDEZ	26
1636	36	LugarPago	DELEG. DIQUE LUJAN	27
1637	37	LugarPago	BCO. CREDICOOP	28
1638	38	LugarPago	COOPERATIVA PACHECO	29
1639	39	LugarPago	DELEG. T. DEL TALAR	30
1640	40	LugarPago	LIBRETAS SANITARIAS	31
1641	41	LugarPago	DELEG. RICARDO ROJAS	32
1642	42	LugarPago	MUSEO DE ARTE	33
1643	43	LugarPago	PUERTO DE FRUTOS	34
1644	44	LugarPago	DELEG. RINCON DE MILBERG	35
1645	45	LugarPago	DELEG. TORCUATO ESTE	36
1646	46	LugarPago	CEMENTERIOS	37
1647	47	LugarPago	SECRETARIA DE GOBIERNO	38
1648	48	LugarPago	BANCO GALICIA	39
1649	49	LugarPago	HOSPITAL ODONTOLOGICO	40
1650	50	LugarPago	P.T. MASTERCARD	41
1651	51	LugarPago	P.T. VISA	42
1652	52	LugarPago	P.T. AMERICAN EXPRESS	43
1653	53	LugarPago	P.T. DINERS CLUB	44
1654	54	LugarPago	P.T. CABAL	45
1655	55	LugarPago	VISA INTERNET	46
1656	56	LugarPago	AMERICAN INTERNET	47
1657	57	LugarPago	DINERS INTERNET	48
1658	58	LugarPago	MASTERCARD INTERNET	49
1659	59	LugarPago	DEBITO AUTOMATICO HABERES	50
1660	60	LugarPago	INTERBANKING	51
1661	61	LugarPago	SUCERP	52
1662	62	LugarPago	AMARRAS HUGO DEL CARRIL	53
1663	63	LugarPago	QUIWI	54
1664	64	LugarPago	HOSPITAL OFTALMOLOGICO	55
1665	65	LugarPago	VISA INTERNET - SPS DECIDIR	56
1666	66	LugarPago	CENTRO DIAGNOSTICO POR IMAGENES	57
1667	67	LugarPago	AMARRAS RODOLFO WALSH	58
1668	68	LugarPago	CANCELACION DE CHEQUE DIFERIDO	59
1669	69	LugarPago	TRANSITO	60
1670	70	LugarPago	MACRO CLICK DE PAGOS	61
1671	125	LugarPago	MERCADOPAGO	62
3003	1	Cementerio	CEMENTERIO	1
3026	9999	EstadoCivil	Desconocido	8
3047	4	MotivoBajaVehiculo	MOTIVOID 4	13
3061	X	MotivoBajaVehiculo	DESCONOCIDO	27
3078	00000000	TipoCartel		28
3079	00000100	TipoCartel	LETRERO FRONTAL SIMPLE	29
3080	00000101	TipoCartel	LETRERO FRONTAL ILUMINADO O LUMINOSO O A	30
3081	00000102	TipoCartel	LETRERO SALIENTE SIMPLE	31
3082	00000103	TipoCartel	LETRERO SALIENTE ILUMINADO O LUMINOSO	32
3083	00000110	TipoCartel	AVISO FRONTAL SIMPLE	33
3084	00000111	TipoCartel	AVISO FRONTAL ILUMINADO O LUMINOSO	34
3085	00000112	TipoCartel	AVISO SALIENTE SIMPLE	35
3086	00000113	TipoCartel	AVISO SALIENTE ILUMINADO O LUMINOSO	36
3087	00000119	TipoCartel	CALCAMONIAS LOGOTIPOS DE TARJETAS DE CRE	37
3088	00000120	TipoCartel	ANUNCIO SIMPLE	38
3089	00000121	TipoCartel	ANUNCIO ILUMINADO, LUMINOSO O ANIMADO	39
3090	00000122	TipoCartel	ANUNCIO SIMPLE SOBRE COLUMNA	40
3091	00000123	TipoCartel	CARTELERA O ANUNCIO CAMBIABLE SIMPLE EN 	41
3092	00000124	TipoCartel	CARTELERA O ANUNCIO CAMBIABLE ILUMINADO,	42
3093	00000125	TipoCartel	ANUNCIO FRONTAL O SLIENTE SIMPLE HASTA 0	43
3094	00000126	TipoCartel	ANUNCIO FRONTAL O SLIENTE SIMPLE DESDE 0	44
3095	00000127	TipoCartel	ANUNCIO FRONTAL O SLIENTE SIMPLE DE MAS 	45
3096	00000128	TipoCartel	LETRERO PROVISORIO DE TELA CRUZANDO LA C	46
3097	00000131	TipoCartel	CARTELERA O ANUNCIO CAMBIABLE SIMPLE	47
3098	00000132	TipoCartel	CARTELERA O ANUNCIO CAMBIABLE ILUMINADO,	48
3099	00000134	TipoCartel	PUBLIVALLAS SIMPLES	49
3100	00000135	TipoCartel	PUBLIVALLAS LUMINOSOS, ILUMINADOS O ANIM	50
3101	00000136	TipoCartel	EMPRENDIMIENTO INMOBILIARIO - SIMPLE	51
3102	00000137	TipoCartel	EMPRENDIMIENTO INMOBILIARIO - ILUMINADO	52
3103	00000138	TipoCartel	AFICHE O VOLANTE DE EVENTOS PUBLICOS O D	53
3104	00000139	TipoCartel	AFICHE O VOLANTE DE EVENTOS PUBLICOS O D	54
3105	00000142	TipoCartel	VOLANTES IMPRESOS EN UNA FAZ POR CIEN 	55
3106	00000143	TipoCartel	VOLANTES IMPRESOS EN UNA FAZ POR MIL 	56
3107	00000144	TipoCartel	VOLANTES IMPRESOS EN DOBLE FAZ POR CIEN 	57
3108	00000145	TipoCartel	VOLANTES IMPRESOS EN DOBLE FAZ POR MIL 	58
3109	00000146	TipoCartel	POR FOLLETOS HASTA 10 HOJAS POR CIEN 	59
3110	00000147	TipoCartel	POR FOLLETOS HASTA 10 HOJAS POR MIL 	60
3111	00000148	TipoCartel	POR FOLLETOS POR MAS DE 10 HOJAS POR CIN	61
3112	00000149	TipoCartel	ART.15° - ANUNCIO SIMPLE MENOR A 1M2	62
3113	00000150	TipoCartel	ART.15° ANUNCIO SIMPLE >1M2 < 2M2	63
3114	00000153	TipoCartel	AVISOS EN EL EXTERIOR DE VEHICULOS	64
3115	00000154	TipoCartel	AVISOS EN EL INTERIOR DE VEHICULOS	65
3116	00000155	TipoCartel	AVISO EN VEHICULOS DE TRANSPORTE X MES X	66
3117	00000160	TipoCartel	ANUNCIO FRONTAL O SALIENTE SIMPLE HASTA 	67
3118	00000161	TipoCartel	ANUNCIO FRONTAL O SALIENTE SIMPLE DESDE 	68
3119	00000162	TipoCartel	ANUNCIO FRONTAL O SALIENTE SIMPLE DE MAS	69
3120	00000163	TipoCartel	ANUNCIO FRONTAL O SALIENTE SIMPLE HASTA 	70
3121	00000164	TipoCartel	BANDERA REMATE O VENTA X DIA	71
3122	00000165	TipoCartel	LETRERO PROVISORIO DE TELA POR DIA	72
3123	00000167	TipoCartel	CALCAMONIAS LOGOTIPOS DE TARJETAS DE CRE	73
3124	00000170	TipoCartel	RECARGO 100% CODIGO 160	74
3125	00000171	TipoCartel	100% RECARGO CODIGO 161	75
3126	00000172	TipoCartel	100% RECARGO CODIGO 162	76
3127	00000173	TipoCartel	20% RECARGO CODIGO 123	77
3128	00000174	TipoCartel	20% RECARGO CODIGO 124	78
3129	00000175	TipoCartel	50% RECARGO CODIGO 123	79
3130	00000176	TipoCartel	50% RECARGO CODIGO 124	80
3131	00000177	TipoCartel	15% RECARGO SOBRE TASA EST PUBLICOS	81
3132	00001001	TipoCartel	ANUNCIO CON AVANCE HASTA 5 MTS	82
3133	00001002	TipoCartel	ANUNCIO CON AVANCE HASTA 10MTS	83
3134	00001003	TipoCartel	ANUNCIO CON AVANCE HASTA 20MTS	84
3135	00001004	TipoCartel	ANUNCIO CON AVANCE HASTA 50MTS	85
3136	00001005	TipoCartel	ANUNCIO CON AVANCE MAYOR 50MTS	86
3137	00001006	TipoCartel	ANUNCIO SIN AVANCE HASTA 5 MTS	87
3138	00001007	TipoCartel	ANUNCIO SIN AVANCE HASTA 10MTS	88
3139	00001008	TipoCartel	ANUNCIO SIN AVANCE HASTA 20MTS	89
3140	00001009	TipoCartel	ANUNCIO SIN AVANCE HASTA 50MTS	90
3141	00001010	TipoCartel	ANUNCIO SIN AVANCE MAYOR 50MTS	91
3142	00001011	TipoCartel	CART.ANUNCIANT. NO REG.PARTIDO	92
3143	00001012	TipoCartel	CART.ANUNC.C/DOM.EN EL PARTIDO	93
3144	00001013	TipoCartel	AFICHES EXIBID.EN LUGAR A FIN 	94
3145	00001014	TipoCartel	PROP.AMBUL.INDUM.SIMB.CART.   	95
3146	00001015	TipoCartel	VOLANTES X 1000 SEGUN TIRAJE  	96
3147	00001016	TipoCartel	EXHIBICION DE VIV. PREFABRIC. 	97
3148	00001017	TipoCartel	PUB.PROPAG.PANTALLA LCD O LED 	98
3149	00001020	TipoCartel	LETRERO PUB.PROPIA SIMPLE X M2	99
3150	00001021	TipoCartel	AVISO PUB.PROPIA SIMPLE X M2  	100
3151	00001022	TipoCartel	LETRERO PUB.PROPIA ILUM. X M2 	101
3152	00001023	TipoCartel	AVISO PUB.PROPIA ILUM. X M2   	102
3153	00001024	TipoCartel	LETRERO PUB.PROP.LUMINOSO X M2	103
3154	00001025	TipoCartel	AVISO PUB.PROPIA LUMINOSO X M2	104
3155	00001026	TipoCartel	LETRER.PUB.PR.ANIMADO+LEDS XM2	105
3156	00001027	TipoCartel	AVISO PUB.PR.ANIMADO+LEDS X M2	106
3157	00001028	TipoCartel	LETRER.PUB.PR.SAL.SIMPLE X M2 	107
3158	00001029	TipoCartel	AVISO PUB.PR.SAL.SIMPLE X M2  	108
3159	00001030	TipoCartel	LETRER.PUB.PR.SAL.ILUM. X M2  	109
3160	00001031	TipoCartel	AVISO PUB.PR.SAL.ILUM. X M2   	110
3161	00001032	TipoCartel	LETRER.PUB.PR.SAL.LUMIN.X M2  	111
3162	00001033	TipoCartel	AVISO PUB.PR.SAL.LUMIN.X M2   	112
3163	00001034	TipoCartel	LET.PUB.PR.SAL.ANIM.+LEDS X M2	113
3164	00001035	TipoCartel	AV.PUB.PR.SAL.ANIM.+LEDS X M2 	114
3165	00001040	TipoCartel	LET.PUB.PR.CALCOS SIMP.< 1 M2 	115
3166	00001041	TipoCartel	AV.PUB.PR.CALCOS SIMPL.< 1 M2 	116
3167	00001042	TipoCartel	LET.PUB.PR.CALCOS SIMP. > 1 M2	117
3168	00001043	TipoCartel	AV.PUB.PR.CALCOS SIMPL. > 1 M2	118
3169	00001050	TipoCartel	AV.PUB.PR.S/MEDIAN.SIMP. X M2 	119
3170	00001051	TipoCartel	AV.PUB.PR.S/MEDIAN.ILUM. X M2 	120
3171	00001052	TipoCartel	AV.PUB.PR.S/MEDIA.LUM/ANI.LEDS	121
3172	00001053	TipoCartel	LETRERO AZ/TZA SIMP X M2	122
3173	00001054	TipoCartel	LETRERO AZ/TZA ILUM X M2	123
3174	00001055	TipoCartel	LETRERO AZ/TZA LUM X M2	124
3175	00001056	TipoCartel	AVISO AZ/TZA SIMP X M2	125
3176	00001057	TipoCartel	AVISO AZ/TZA ILUM X M2	126
3177	00001058	TipoCartel	AVISO AZ/TZA LUM X M2	127
3178	00001059	TipoCartel	AVISO P.PRIV S.RUTA SIMP X M2	128
3179	00001060	TipoCartel	AVISO P.PRIV ILUM X M2	129
3180	00001061	TipoCartel	AVISO P.PRIV LUM X M2	130
3181	00001062	TipoCartel	LETRERO COLUMNAS GRANDES DIMENSIONES TOT	131
3182	00001063	TipoCartel	AVISO COLUMNAS GRANDES DIMENSIONES TOTEM	132
3183	00001064	TipoCartel	AVISO COLUMNAS GRANDES DIMENSIONES ILUMI	133
3184	00001065	TipoCartel	AVISO COLUMNAS GRANDES DIMENSIONES LUMIN	134
3185	00001066	TipoCartel	AVISO BANDERA SIMP X M2	135
3186	00001067	TipoCartel	LETRERO AN.SIMP. AFICHE  X M2	136
3187	00001068	TipoCartel	LETRERO AN.SIMP. VIDRIO  X M2	137
3188	00001069	TipoCartel	LETRERO AN.SIMP. VIDRIERA   X M2	138
3189	00001070	TipoCartel	LETRERO AN.SIMP. PUERTA  X M2	139
3190	00001071	TipoCartel	AVISO AN.SIMP. AFICHE  X M2	140
3191	00001072	TipoCartel	AVISO AN.SIMP. VIDRIO  X M2	141
3192	00001073	TipoCartel	AVISO AN.SIMP. VIDRIERA   X M2	142
3193	00001074	TipoCartel	AVISO AN.SIMP. PUERTA  X M2	143
3194	00001075	TipoCartel	AVISO AN.SIMP. SILLA  X M2	144
3195	00001076	TipoCartel	AVISO AN.SIMP. SOMBRILLA  X M2	145
3196	00001077	TipoCartel	AVISO AN.SIMP. EXHIB  X M2	146
3197	00001078	TipoCartel	LETRERO AN.ILUMINADO VIDRIO  X M2	147
3198	00001079	TipoCartel	LETRERO AN.ILUMINADO VIDRIERA   X M2	148
3199	00001080	TipoCartel	LETRERO AN.ILUMINADO PUERTA   X M2	149
3200	00001081	TipoCartel	AVISO AN.ILUMINADO VIDRIO  X M2	150
3201	00001082	TipoCartel	AVISO AN.ILUMINADO VIDRIERA   X M2	151
3202	00001083	TipoCartel	AVISO AN.ILUMINADO PUERTA   X M2	152
3203	00001084	TipoCartel	LETRERO AN.LUMINOSO AFICHE  X M2	153
3204	00001085	TipoCartel	LETRERO AN.LUMINOSO VIDRIO  X M2	154
3205	00001086	TipoCartel	LETRERO AN.LUMINOSO VIDRIERA   X M2	155
3206	00001087	TipoCartel	AVISO AN.LUMINOSO AFICHE  X M2	156
3207	00001088	TipoCartel	AVISO AN.LUMINOSO VIDRIO  X M2	157
3208	00001089	TipoCartel	AVISO AN.LUMINOSO VIDRIERA   X M2	158
3209	00001090	TipoCartel	LETRERO FRONTAL ANIMADO X M2	159
3210	00001091	TipoCartel	AVISO FRONTAL ANIMADO X M2	160
3211	00001092	TipoCartel	LETRERO SALIENTE O EN TOLDO - ANIMADO X 	161
3212	00001093	TipoCartel	AVISO SALIENTE O EN TOLDO - ANIMADO X M2	162
3213	00001094	TipoCartel	LETRERO SOBRE TERRAZA O AZOTEA - ANIMADO	163
3214	00001095	TipoCartel	AVISO SOBRE TERRAZA O AZOTEA - ANIMADO X	164
3215	00001096	TipoCartel	LETRERO AN. X REMATES. VTAS. LOC. DE INM	165
3216	00001097	TipoCartel	LETR.CARTEL.ANUN.SIMPL. HASTA 4 M2-BALDI	166
3217	00001098	TipoCartel	LETR.CARTEL.ANUN.ILUMIN.HASTA 4 M2-BALDI	167
3218	00001099	TipoCartel	LETR.CARTEL.ANUN.SIMPL.MAS.4 M2-BALDIOS-	168
3219	00001100	TipoCartel	LETR.CARTEL.ANUN.ILUMIN.MAS.4 M2-BALDIOS	169
3220	00001101	TipoCartel	LETRERO  EN PANTALLA - SIMPLE X M2	170
3221	00001102	TipoCartel	LETRERO EN PANTALLA - ILUMINADA X M2	171
3222	00001103	TipoCartel	LETRERO EN PANTALLA - LUMINOSA X M2	172
3223	00001104	TipoCartel	LETRERO EN PANTALLA - ANIMADA X M2	173
3224	00001105	TipoCartel	LETRERO - ENMASCARAMIENTO EDIFICIO - SIM	174
3225	00001106	TipoCartel	LETRERO-ENMASCARAMIENTO EDIFICIO-ILUMINA	175
3226	00001107	TipoCartel	AFICHE-POR DIA	176
3227	00001108	TipoCartel	VOLANTES-POR MILLAR CON VISADO MUNICIPAL	177
3228	00001109	TipoCartel	VOLANTES-POR MILLAR SIN VISADO MUNICIPAL	178
3229	00001110	TipoCartel	LETRERO.ANUNC.EN.DOMINIO.PUBLICO.MUNICIP	179
3230	00001111	TipoCartel	AVISO.ANUNCIO.EN.DOMINIO.PUBLICO.MUNICIP	180
3231	00001112	TipoCartel	LETRERO.ANUNC.EN.DOMINIO.PUBLICO.MUNICIP	181
3232	00001113	TipoCartel	AVISO.ANUNCIO.EN.DOMINIO.PUBLICO.MUNICIP	182
3233	00001114	TipoCartel	LETRERO.ANUNC.EN.DOMINIO.PUBLICO.MUNIC.L	183
3234	00001115	TipoCartel	AVISO.ANUNCIO.EN.DOMINIO.PUBLICO.MUNIC.L	184
3235	00001116	TipoCartel	LETRERO.ANUNC.EN.DOMINIO.PUBLICO.MUNIC.A	185
3236	00001117	TipoCartel	AVISO.ANUNCIO.EN.DOMINIO.PUBLICO.MUNIC.A	186
3237	00001118	TipoCartel	AVISO.DOM.PUBLIC.MUNIC.MESA.SILLA.COLUM.	187
3238	00001119	TipoCartel	LETRERO.MEDIOS.MOVILES.POR.DIA	188
3239	00001120	TipoCartel	AVISO.MEDIOS.MOVILES.POR.DIA	189
3240	00001121	TipoCartel	LETRERO.MEDIOS.MOVILES.POR.MES 	190
3241	00001122	TipoCartel	AVISO.MEDIOS.MOVILES.POR.MES	191
3242	00001123	TipoCartel	LETRERO.PUBLIC.VEHICULOS.HASTA.3M2	192
3243	00001124	TipoCartel	AVISO.PUBLIC.VEHICULOS.HASTA.3M2	193
3244	00001125	TipoCartel	LETRERO.PUBLIC.VEHICULOS.MAS.3.MTRS.2	194
3245	00001126	TipoCartel	AVISO.PUBLIC.VEHICULOS.MAS.3.MTRS.2	195
3246	00001127	TipoCartel	AVISO.PREDIO.PRIVADO.ANIMADO X M2	196
3247	00001130	TipoCartel	AVISO COLUMNAS GRANDES DIM.  ANIMADO LED	197
3248	00009999	TipoCartel	SIN ESPECIFICAR	198
3249	00010000	TipoCartel	LETRERO EN COLUMNA DE GRANDES DIMENSIONE	199
3250	00010001	TipoCartel	ESTRUCTURA REPRESENTATIVA	200
3251	1	TipoCertificado	COMPRA-VENTA	300
3252	10	TipoCertificado	TRANSF. DOMINIO FIDUCIARIO	301
3253	11	TipoCertificado	DIVISION DE CONDOMINIO	302
3254	12	TipoCertificado	REGLAMENTO DE COPROPIEDAD	303
3255	13	TipoCertificado	RESTITUCION DE DOMINIO	304
3256	14	TipoCertificado	DISOLUCION DE SOC. CONYUGAL	305
3257	15	TipoCertificado	DISTRACTO	306
3258	16	TipoCertificado	JUICIO EJECUTIVO	307
3259	17	TipoCertificado	EXTINCION DE USUFRUCTO	308
3260	18	TipoCertificado	DACION EN PAGO	309
3261	2	TipoCertificado	HIPOTECA	310
3262	3	TipoCertificado	DONACION	311
3263	4	TipoCertificado	SUBASTA	312
3264	5	TipoCertificado	PERMUTA	313
3265	6	TipoCertificado	APORTE DE CAPITAL	314
3266	7	TipoCertificado	VENTA CON HIPOTECA	315
3267	8	TipoCertificado	SUCESION	316
3268	9	TipoCertificado	FIDEICOMISO EN GARANTIA	317
3279	9	TipoDestinoInhumacion	RETIRO DE CENIZAS	324
3307	1	TipoOrigenInhumacion	INGRESO	335
3308	2	TipoOrigenInhumacion	INGRESO POR TRASLADO EXTERNO	336
3309	3	TipoOrigenInhumacion	TRASLADO	337
3310	4	TipoOrigenInhumacion	RESTOS	338
3311	5	TipoOrigenInhumacion	CENIZAS	339